Participant_ID,Overall_Ease_of_Use,Multimodal_Feature_Effectiveness,Preferred_Learning_Style_Visual,Preferred_Learning_Style_Aural,Preferred_Learning_Style_ReadWrite,Preferred_Learning_Style_Kinesthetic,Platform_Performance,Influence_of_Content_Creation,Skill_Improvement_Digital_Literacy,Skill_Improvement_Problem_Solving,Skill_Improvement_Creative_Skills,Adaptability_to_Learning_Style,Advantage_over_Traditional_LMS,Satisfaction_with_Current_Features,Overall_Value,Additional_Comments
1,4,5,1,0,1,0,5,4,4,5,4,4,4,3,5,"The visual diagrams are incredibly helpful, but I wish there were more interactive quizzes."
2,3,3,0,1,0,1,3,2,3,3,2,3,2,2,3,"The platform is slow on my old tablet. Audio narration is good, but content creation was confusing."
3,5,5,1,1,1,1,5,5,5,5,5,5,5,5,5,"Absolutely love this platform! It caters to all my learning needs and I feel my problem-solving skills have significantly improved."
4,2,3,0,0,1,0,2,2,2,3,2,2,1,1,2,"Too much reading, not enough hands-on activities. It's hard to navigate on my phone."
5,4,4,1,0,0,1,4,3,4,4,3,4,3,3,4,"The kinesthetic exercises are great. I'd like to see more integration with external tools."
6,5,4,1,0,1,0,5,4,5,4,4,4,4,3,5,"Very intuitive interface. Content creation really solidified my understanding. No major complaints."
7,3,2,0,1,0,0,3,1,2,2,1,2,2,2,2,"The text-to-speech is robotic. I don't feel like the platform adapted to how I learn at all."
8,4,5,1,1,0,0,4,4,4,5,4,5,4,4,5,"Excellent multimodal features, especially the visual aids. My digital literacy definitely improved."
9,3,3,0,0,1,1,3,3,3,3,3,3,3,3,3,"It's okay, but nothing revolutionary. Some features are good, others are just average."
10,5,5,1,1,1,1,5,5,5,5,5,5,5,5,5,"This is the best learning platform I've ever used. Every feature is top-notch and truly enhances learning. No changes needed!"
11,4,4,1,0,0,0,4,3,3,4,4,4,4,3,4,"I prefer visual learning and this platform is great for that."
12,2,3,0,1,0,0,2,1,2,2,2,2,1,2,2,"The audio content is helpful, but the platform is a bit clunky."
13,5,5,1,0,0,1,5,5,5,5,5,5,5,4,5,"A perfect balance of visual and kinesthetic exercises."
14,3,2,0,0,1,0,3,2,3,2,2,3,2,2,3,"Too much text, not enough interactive elements."
15,4,4,0,0,0,1,4,3,4,4,4,4,3,3,4,"Love the hands-on approach to learning."
16,5,4,1,0,1,0,5,4,5,4,4,4,4,4,5,"Seamless experience, especially for reading and creating content."
17,3,2,0,1,0,0,3,1,2,2,1,2,2,2,2,"Audio quality needs improvement, and features aren't very adaptable."
18,4,5,1,0,0,0,4,4,4,5,4,5,4,4,5,"The multi-modal features are outstanding. Really enhances my learning."
19,3,3,0,0,1,1,3,3,3,3,3,3,3,3,3,"It's an average platform, but the multi-modal features are okay."
20,5,5,1,1,1,1,5,5,5,5,5,5,5,5,5,"All features are amazing, I've improved a lot in all skills."
21,4,3,1,0,0,0,4,2,3,4,3,3,3,3,4,"The platform is great for visual learners, but lacks aural features."
22,2,4,0,1,0,1,3,3,4,3,3,4,3,3,3,"Audio and kinesthetic features are great, but the platform is a bit slow."
23,5,5,1,1,1,1,5,5,5,5,5,5,5,5,5,"Truly a holistic platform, I've seen massive improvement in my creative skills."
24,3,2,0,0,1,0,2,1,2,2,1,2,2,2,2,"The UI is clunky, too much text and not enough hands-on learning."
25,4,5,1,0,0,1,4,4,4,5,4,4,4,4,5,"Love the visual and kinesthetic features, really help me learn faster."
26,5,4,1,0,1,0,5,4,5,4,4,4,4,4,5,"The platform is super intuitive, the content creation feature is a gem."
27,3,3,0,1,0,0,3,2,3,2,2,3,2,2,3,"Audio is decent, but the platform is not very adaptable to my needs."
28,4,5,1,1,0,0,4,4,4,5,4,5,4,4,5,"Visuals are excellent, my problem-solving skills have improved."
29,3,3,0,0,1,1,3,3,3,3,3,3,3,3,3,"Features are average, but the platform works."
30,5,5,1,1,1,1,5,5,5,5,5,5,5,5,5,"The best platform I've ever used. All my skills have improved tremendously."
31,2,2,0,0,1,0,2,1,2,2,2,2,1,2,2,"I found the platform too cluttered, and the read/write features were uninspiring."
32,4,4,1,0,0,1,4,3,4,4,3,4,3,3,4,"The hands-on activities are a major plus, but I wish there was a more diverse range of subjects."
33,3,3,0,1,0,0,3,2,3,2,2,3,2,2,3,"The audio content is okay, but it's not well integrated with the other features."
34,5,5,1,1,1,1,5,5,5,5,5,5,5,5,5,"An outstanding experience. Everything works together seamlessly and my skills have exploded."
35,4,4,1,0,0,0,4,3,3,4,4,4,4,3,4,"I'm a visual learner and this platform is designed for me. Very satisfied."
36,2,3,0,1,0,1,3,2,3,3,2,3,2,2,3,"The audio and hands-on elements are good, but the platform's speed needs improvement."
37,5,4,1,0,1,0,5,4,5,4,4,4,4,4,5,"The platform excels at providing content for reading and creating."
38,4,5,1,1,0,0,4,4,4,5,4,5,4,4,5,"The visual and aural features are top-notch. I love the experience."
39,3,3,0,0,1,1,3,3,3,3,3,3,3,3,3,"Just an average platform. The multi-modal features are okay, but not great."
40,5,5,1,1,1,1,5,5,5,5,5,5,5,5,5,"This platform is a game-changer. I've improved so much in every skill."